timestamp,open,high,low,close,volume
2026-02-07 04:00:00+00:00,88.09,89.04,87.29,87.73,206456.826
2026-02-07 05:00:00+00:00,87.74,88.64,87.55,87.81,141424.854
2026-02-07 06:00:00+00:00,87.8,88.25,86.22,86.25,158715.59
2026-02-07 07:00:00+00:00,86.25,86.65,84.16,85.29,469013.761
2026-02-07 08:00:00+00:00,85.29,85.74,84.75,85.36,159075.988
2026-02-07 09:00:00+00:00,85.36,85.73,84.81,85.24,105888.694
2026-02-07 10:00:00+00:00,85.23,85.48,84.51,85.0,103550.783
2026-02-07 11:00:00+00:00,85.0,85.2,84.58,84.91,80180.824
2026-02-07 12:00:00+00:00,84.9,87.2,84.85,86.22,226079.916
2026-02-07 13:00:00+00:00,86.23,86.65,85.57,86.13,108278.914
2026-02-07 14:00:00+00:00,86.13,86.61,85.51,85.77,101836.211
2026-02-07 15:00:00+00:00,85.77,86.97,85.65,86.57,133334.935
2026-02-07 16:00:00+00:00,86.56,88.12,86.17,87.05,1017602.208
2026-02-07 17:00:00+00:00,87.06,87.74,86.48,87.65,95222.813
2026-02-07 18:00:00+00:00,87.64,89.19,87.45,88.71,127323.95
2026-02-07 19:00:00+00:00,88.72,88.79,88.03,88.3,91821.874
2026-02-07 20:00:00+00:00,88.3,89.2,88.01,88.91,90428.71
2026-02-07 21:00:00+00:00,88.92,89.2,88.12,88.21,63097.957
2026-02-07 22:00:00+00:00,88.22,88.77,88.16,88.27,59206.976
2026-02-07 23:00:00+00:00,88.28,88.34,86.86,87.59,129447.289
2026-02-08 00:00:00+00:00,87.59,87.68,87.1,87.35,73903.602
2026-02-08 01:00:00+00:00,87.34,88.0,87.31,87.89,44359.781
2026-02-08 02:00:00+00:00,87.89,88.22,86.94,87.27,58486.62
2026-02-08 03:00:00+00:00,87.27,87.54,86.7,86.82,45889.843
2026-02-08 04:00:00+00:00,86.82,87.42,86.63,87.41,66781.733
2026-02-08 05:00:00+00:00,87.4,87.56,87.05,87.29,55447.452
2026-02-08 06:00:00+00:00,87.29,87.51,86.94,87.17,44402.551
2026-02-08 07:00:00+00:00,87.17,87.42,86.69,87.42,59984.483
2026-02-08 08:00:00+00:00,87.41,88.83,86.94,88.65,154801.22
2026-02-08 09:00:00+00:00,88.64,88.99,87.54,87.61,120713.8
2026-02-08 10:00:00+00:00,87.6,88.13,86.44,86.88,175698.972
2026-02-08 11:00:00+00:00,86.88,88.32,86.75,88.25,118764.394
2026-02-08 12:00:00+00:00,88.25,88.37,87.7,88.17,95469.92
2026-02-08 13:00:00+00:00,88.16,88.89,87.78,88.58,174290.127
2026-02-08 14:00:00+00:00,88.57,88.75,88.02,88.43,107095.355
2026-02-08 15:00:00+00:00,88.43,88.76,87.35,87.77,141084.42
2026-02-08 16:00:00+00:00,87.78,87.91,85.77,86.22,196433.561
2026-02-08 17:00:00+00:00,86.22,87.12,86.19,86.96,92076.564
2026-02-08 18:00:00+00:00,86.96,88.61,86.94,87.85,98751.218
2026-02-08 19:00:00+00:00,87.84,88.59,87.81,88.41,95387.48
2026-02-08 20:00:00+00:00,88.41,88.42,86.76,86.9,70417.156
2026-02-08 21:00:00+00:00,86.89,87.34,86.24,86.6,76328.524
2026-02-08 22:00:00+00:00,86.61,87.27,86.46,87.13,51261.397
2026-02-08 23:00:00+00:00,87.12,89.08,86.06,86.99,317168.51
2026-02-09 00:00:00+00:00,86.99,87.45,86.39,87.07,102967.745
2026-02-09 01:00:00+00:00,87.06,87.98,85.75,86.42,195325.89
2026-02-09 02:00:00+00:00,86.42,87.85,86.18,87.01,128571.686
2026-02-09 03:00:00+00:00,87.02,87.91,86.84,87.67,100440.097
2026-02-09 04:00:00+00:00,87.67,87.72,86.97,87.12,84272.191
2026-02-09 05:00:00+00:00,87.12,87.44,86.88,87.26,58711.37
2026-02-09 06:00:00+00:00,87.26,87.26,85.96,86.45,146133.759
2026-02-09 07:00:00+00:00,86.45,86.61,85.19,85.5,203982.039
2026-02-09 08:00:00+00:00,85.5,85.64,83.86,84.59,271738.011
2026-02-09 09:00:00+00:00,84.58,84.93,83.94,84.33,134655.899
2026-02-09 10:00:00+00:00,84.32,84.48,82.86,83.23,257658.59
2026-02-09 11:00:00+00:00,83.23,83.7,83.22,83.47,110314.269
2026-02-09 12:00:00+00:00,83.48,84.37,83.45,84.06,102588.891
2026-02-09 13:00:00+00:00,84.05,84.62,83.75,83.77,110564.323
2026-02-09 14:00:00+00:00,83.77,85.24,83.55,84.96,245510.837
2026-02-09 15:00:00+00:00,84.95,85.8,84.32,85.28,178629.671
2026-02-09 16:00:00+00:00,85.28,86.86,84.81,86.11,154239.302
2026-02-09 17:00:00+00:00,86.11,88.1,85.66,87.79,273235.271
2026-02-09 18:00:00+00:00,87.78,88.69,87.07,87.51,262915.556
2026-02-09 19:00:00+00:00,87.51,88.24,87.15,87.97,162686.06
2026-02-09 20:00:00+00:00,87.96,88.31,87.21,87.76,140702.317
2026-02-09 21:00:00+00:00,87.76,87.89,86.53,87.34,121614.992
2026-02-09 22:00:00+00:00,87.34,87.59,86.97,87.12,67695.332
2026-02-09 23:00:00+00:00,87.12,87.4,86.64,86.77,52498.318
2026-02-10 00:00:00+00:00,86.77,86.93,86.28,86.4,118024.126
2026-02-10 01:00:00+00:00,86.4,87.49,86.37,87.29,68791.578
2026-02-10 02:00:00+00:00,87.28,87.32,86.42,86.66,72507.053
2026-02-10 03:00:00+00:00,86.67,86.85,85.26,85.87,142770.777
2026-02-10 04:00:00+00:00,85.86,86.67,85.79,86.55,83242.58
2026-02-10 05:00:00+00:00,86.55,86.57,85.61,85.95,89820.775
2026-02-10 06:00:00+00:00,85.95,86.04,84.3,84.6,202106.457
2026-02-10 07:00:00+00:00,84.6,85.14,84.43,84.63,122515.72
2026-02-10 08:00:00+00:00,84.64,84.87,84.17,84.66,115043.034
2026-02-10 09:00:00+00:00,84.65,85.09,84.29,84.56,130894.323
2026-02-10 10:00:00+00:00,84.57,84.75,84.2,84.22,77557.77
2026-02-10 11:00:00+00:00,84.23,84.61,83.77,83.85,131600.576
2026-02-10 12:00:00+00:00,83.85,84.36,83.69,83.96,107970.396
2026-02-10 13:00:00+00:00,83.95,84.78,83.68,84.66,143309.204
2026-02-10 14:00:00+00:00,84.66,85.24,83.2,83.72,315991.746
2026-02-10 15:00:00+00:00,83.72,84.54,83.43,84.3,230974.292
2026-02-10 16:00:00+00:00,84.3,84.94,83.77,84.46,116870.75
2026-02-10 17:00:00+00:00,84.45,85.14,84.2,84.9,77051.791
2026-02-10 18:00:00+00:00,84.91,84.98,82.71,82.94,179135.754
2026-02-10 19:00:00+00:00,82.93,83.51,82.44,83.08,113877.097
2026-02-10 20:00:00+00:00,83.08,83.23,82.3,82.63,120681.739
2026-02-10 21:00:00+00:00,82.63,82.94,81.91,82.46,99629.768
2026-02-10 22:00:00+00:00,82.46,82.98,82.36,82.6,69493.556
2026-02-10 23:00:00+00:00,82.59,83.0,82.36,82.99,45351.243
2026-02-11 00:00:00+00:00,82.99,83.72,82.93,83.47,79371.894
2026-02-11 01:00:00+00:00,83.46,83.79,83.2,83.77,55355.406
2026-02-11 02:00:00+00:00,83.77,84.39,83.53,83.54,86466.293
2026-02-11 03:00:00+00:00,83.55,83.86,82.59,83.34,95964.203
2026-02-11 04:00:00+00:00,83.34,83.54,81.71,81.98,139916.137
2026-02-11 05:00:00+00:00,81.98,82.41,81.73,81.89,75027.228
2026-02-11 06:00:00+00:00,81.9,81.99,80.58,80.87,218295.67
2026-02-11 07:00:00+00:00,80.87,81.36,80.28,81.0,116647.419
2026-02-11 08:00:00+00:00,81.0,81.2,80.55,81.09,80687.537
2026-02-11 09:00:00+00:00,81.09,81.29,80.67,80.8,72261.512
2026-02-11 10:00:00+00:00,80.8,81.0,80.38,80.69,105679.692
2026-02-11 11:00:00+00:00,80.69,81.47,80.65,81.26,111060.386
2026-02-11 12:00:00+00:00,81.25,81.47,80.95,81.18,91871.919
2026-02-11 13:00:00+00:00,81.18,81.84,80.64,81.64,231266.273
2026-02-11 14:00:00+00:00,81.65,83.17,79.77,79.95,578985.48
2026-02-11 15:00:00+00:00,79.95,80.34,78.56,79.72,378985.364
2026-02-11 16:00:00+00:00,79.72,80.94,78.72,78.74,233965.721
2026-02-11 17:00:00+00:00,78.73,80.04,78.04,79.01,230238.077
2026-02-11 18:00:00+00:00,79.01,79.99,78.53,79.81,131164.215
2026-02-11 19:00:00+00:00,79.81,80.34,79.32,79.72,116185.105
2026-02-11 20:00:00+00:00,79.72,80.01,78.98,79.64,113579.902
2026-02-11 21:00:00+00:00,79.65,81.11,79.65,80.16,209210.482
2026-02-11 22:00:00+00:00,80.17,80.24,79.45,79.5,102730.71
2026-02-11 23:00:00+00:00,79.51,79.73,78.8,79.3,159996.695
2026-02-12 00:00:00+00:00,79.31,80.23,79.26,79.97,86837.001
2026-02-12 01:00:00+00:00,79.98,80.79,79.98,80.41,83818.559
2026-02-12 02:00:00+00:00,80.42,80.73,79.94,80.33,69932.793
2026-02-12 03:00:00+00:00,80.33,80.67,80.08,80.62,45415.33
2026-02-12 04:00:00+00:00,80.63,80.97,80.3,80.31,71039.221
2026-02-12 05:00:00+00:00,80.31,80.6,79.5,80.57,93951.902
2026-02-12 06:00:00+00:00,80.58,80.99,80.36,80.57,63036.118
2026-02-12 07:00:00+00:00,80.57,80.93,80.29,80.77,50446.913
2026-02-12 08:00:00+00:00,80.77,80.93,80.32,80.77,55309.334
2026-02-12 09:00:00+00:00,80.77,81.9,80.57,81.79,164590.192
2026-02-12 10:00:00+00:00,81.78,82.24,81.35,82.19,95299.092
2026-02-12 11:00:00+00:00,82.19,82.25,81.71,81.87,111672.457
2026-02-12 12:00:00+00:00,81.87,81.96,80.85,81.1,113537.431
2026-02-12 13:00:00+00:00,81.1,82.13,80.71,81.96,153029.622
2026-02-12 14:00:00+00:00,81.96,81.98,81.0,81.14,183356.656
2026-02-12 15:00:00+00:00,81.15,81.52,80.1,80.12,205820.62
2026-02-12 16:00:00+00:00,80.13,80.22,78.18,78.3,314768.722
2026-02-12 17:00:00+00:00,78.3,78.68,77.51,77.9,255674.986
2026-02-12 18:00:00+00:00,77.9,78.47,77.19,77.61,186122.834
2026-02-12 19:00:00+00:00,77.61,78.63,77.03,77.62,170638.998
2026-02-12 20:00:00+00:00,77.62,77.93,76.6,76.92,208229.162
2026-02-12 21:00:00+00:00,76.92,77.56,76.92,77.34,123223.726
2026-02-12 22:00:00+00:00,77.33,78.12,76.97,78.1,145773.689
2026-02-12 23:00:00+00:00,78.1,78.52,77.82,78.4,144704.759
2026-02-13 00:00:00+00:00,78.39,78.74,77.53,78.02,110301.043
2026-02-13 01:00:00+00:00,78.03,78.84,78.01,78.6,91729.391
2026-02-13 02:00:00+00:00,78.6,79.33,78.45,79.13,95492.86
2026-02-13 03:00:00+00:00,79.13,79.48,78.81,79.05,73080.767
2026-02-13 04:00:00+00:00,79.05,79.27,78.47,78.52,80656.969
2026-02-13 05:00:00+00:00,78.52,78.76,78.16,78.29,71676.813
2026-02-13 06:00:00+00:00,78.29,78.66,77.85,78.62,92542.988
2026-02-13 07:00:00+00:00,78.62,79.24,78.54,78.99,99001.667
2026-02-13 08:00:00+00:00,78.99,79.9,78.86,79.73,106610.049
2026-02-13 09:00:00+00:00,79.73,79.97,79.42,79.88,98038.407
2026-02-13 10:00:00+00:00,79.89,80.62,79.77,80.36,154228.16
2026-02-13 11:00:00+00:00,80.37,80.4,79.78,80.31,94222.824
2026-02-13 12:00:00+00:00,80.31,80.32,79.86,79.97,64462.808
2026-02-13 13:00:00+00:00,79.97,80.89,79.73,80.29,160710.406
2026-02-13 14:00:00+00:00,80.28,81.95,79.86,81.33,309083.663
2026-02-13 15:00:00+00:00,81.34,84.34,81.09,83.2,460219.895
2026-02-13 16:00:00+00:00,83.2,85.0,82.92,84.22,316097.204
2026-02-13 17:00:00+00:00,84.22,84.71,83.55,84.34,171559.211
2026-02-13 18:00:00+00:00,84.35,85.59,84.12,85.4,217189.748
2026-02-13 19:00:00+00:00,85.4,85.63,84.54,84.66,129261.793
2026-02-13 20:00:00+00:00,84.65,85.06,84.17,84.77,152466.274
2026-02-13 21:00:00+00:00,84.78,85.19,84.56,84.86,96569.039
2026-02-13 22:00:00+00:00,84.85,84.93,84.46,84.66,59567.481
2026-02-13 23:00:00+00:00,84.66,84.66,84.12,84.33,65620.812
2026-02-14 00:00:00+00:00,84.34,85.1,84.21,84.97,126493.712
2026-02-14 01:00:00+00:00,84.96,85.21,84.8,84.99,76307.854
2026-02-14 02:00:00+00:00,84.99,85.01,84.6,84.89,40875.133
2026-02-14 03:00:00+00:00,84.9,85.3,84.82,85.06,45751.698
2026-02-14 04:00:00+00:00,85.07,85.1,84.8,84.83,33782.006
2026-02-14 05:00:00+00:00,84.82,85.03,84.61,84.63,30509.027
2026-02-14 06:00:00+00:00,84.63,84.93,84.35,84.86,34098.376
2026-02-14 07:00:00+00:00,84.86,85.27,84.77,85.19,57646.016
2026-02-14 08:00:00+00:00,85.19,86.41,85.16,86.22,206117.931
2026-02-14 09:00:00+00:00,86.22,86.38,85.86,86.02,135777.29
2026-02-14 10:00:00+00:00,86.02,86.02,85.74,85.83,54543.972
2026-02-14 11:00:00+00:00,85.83,87.33,85.82,87.29,185301.487
2026-02-14 12:00:00+00:00,87.29,87.32,86.26,86.42,171277.105
2026-02-14 13:00:00+00:00,86.42,86.9,86.0,86.44,126466.074
2026-02-14 14:00:00+00:00,86.44,87.52,86.37,87.24,133167.572
2026-02-14 15:00:00+00:00,87.24,87.69,87.1,87.44,139912.192
2026-02-14 16:00:00+00:00,87.44,88.26,86.99,88.12,413681.239
2026-02-14 17:00:00+00:00,88.12,88.47,87.83,88.05,117880.869
2026-02-14 18:00:00+00:00,88.05,88.29,87.79,88.01,72250.308
2026-02-14 19:00:00+00:00,88.01,88.33,87.56,88.2,62174.191
2026-02-14 20:00:00+00:00,88.21,88.44,87.69,88.17,96214.77
2026-02-14 21:00:00+00:00,88.16,88.44,87.29,88.07,141162.593
2026-02-14 22:00:00+00:00,88.07,88.89,87.9,88.5,110421.188
2026-02-14 23:00:00+00:00,88.5,88.9,88.03,88.06,86794.612
2026-02-15 00:00:00+00:00,88.06,88.42,87.8,88.19,70896.387
2026-02-15 01:00:00+00:00,88.19,88.72,87.6,88.29,118881.755
2026-02-15 02:00:00+00:00,88.28,88.5,87.52,88.0,108281.504
2026-02-15 03:00:00+00:00,88.01,88.78,87.31,88.61,179433.756
2026-02-15 04:00:00+00:00,88.6,89.82,88.35,88.79,371609.561
2026-02-15 05:00:00+00:00,88.8,90.06,88.75,89.68,147555.926
2026-02-15 06:00:00+00:00,89.68,90.16,89.34,89.6,92915.805
2026-02-15 07:00:00+00:00,89.6,90.98,89.4,90.74,194151.756
2026-02-15 08:00:00+00:00,90.74,91.26,89.22,89.67,404018.675
2026-02-15 09:00:00+00:00,89.66,90.53,89.46,90.0,98233.197
2026-02-15 10:00:00+00:00,90.0,90.13,89.05,89.53,164520.566
2026-02-15 11:00:00+00:00,89.53,89.83,89.01,89.17,46745.316
2026-02-15 12:00:00+00:00,89.18,89.63,87.3,87.31,265700.781
2026-02-15 13:00:00+00:00,87.32,88.37,86.82,86.96,255573.237
2026-02-15 14:00:00+00:00,86.96,87.61,86.66,87.35,168435.313
2026-02-15 15:00:00+00:00,87.35,87.66,86.93,87.42,76427.197
2026-02-15 16:00:00+00:00,87.41,87.66,86.72,87.57,149135.485
2026-02-15 17:00:00+00:00,87.57,87.88,85.71,86.42,243472.742
2026-02-15 18:00:00+00:00,86.43,86.86,86.01,86.21,136623.68
2026-02-15 19:00:00+00:00,86.21,86.35,85.2,85.34,185689.095
2026-02-15 20:00:00+00:00,85.35,85.99,84.89,85.88,106170.798
2026-02-15 21:00:00+00:00,85.88,86.42,85.88,86.18,153614.578
2026-02-15 22:00:00+00:00,86.18,86.7,86.05,86.36,63866.663
2026-02-15 23:00:00+00:00,86.36,86.37,85.1,86.16,127131.627
2026-02-16 00:00:00+00:00,86.15,86.5,85.58,86.18,133823.133
2026-02-16 01:00:00+00:00,86.18,86.63,85.37,85.77,187063.25
2026-02-16 02:00:00+00:00,85.76,86.23,85.23,85.39,240728.305
2026-02-16 03:00:00+00:00,85.4,85.56,84.79,85.14,106334.62
2026-02-16 04:00:00+00:00,85.15,85.84,85.09,85.79,49206.61
2026-02-16 05:00:00+00:00,85.79,85.91,84.47,84.7,131563.44
2026-02-16 06:00:00+00:00,84.69,85.2,84.51,85.06,66270.069
2026-02-16 07:00:00+00:00,85.06,85.51,84.8,85.06,99848.793
2026-02-16 08:00:00+00:00,85.07,85.5,85.04,85.39,113252.135
2026-02-16 09:00:00+00:00,85.39,86.26,85.39,86.01,162122.104
2026-02-16 10:00:00+00:00,86.0,86.04,85.63,85.75,46255.539
2026-02-16 11:00:00+00:00,85.75,85.98,84.49,85.52,109739.962
2026-02-16 12:00:00+00:00,85.52,86.42,85.27,86.2,173623.73
2026-02-16 13:00:00+00:00,86.2,86.93,83.85,84.17,515742.022
2026-02-16 14:00:00+00:00,84.16,84.67,83.48,84.05,262924.178
2026-02-16 15:00:00+00:00,84.05,84.57,82.55,83.21,249881.349
2026-02-16 16:00:00+00:00,83.21,84.11,83.1,84.0,357526.471
2026-02-16 17:00:00+00:00,83.99,84.81,83.9,84.53,130705.835
2026-02-16 18:00:00+00:00,84.52,85.16,84.48,84.52,77790.055
2026-02-16 19:00:00+00:00,84.53,85.1,84.24,84.61,65194.526
2026-02-16 20:00:00+00:00,84.62,85.49,84.5,85.37,73557.776
2026-02-16 21:00:00+00:00,85.37,86.11,85.08,86.02,61849.75
2026-02-16 22:00:00+00:00,86.02,86.24,85.6,85.72,54887.954
2026-02-16 23:00:00+00:00,85.71,86.66,85.66,86.45,89860.205
2026-02-17 00:00:00+00:00,86.45,87.16,86.29,86.61,85239.85
2026-02-17 01:00:00+00:00,86.62,87.07,86.13,86.19,65432.977
2026-02-17 02:00:00+00:00,86.18,87.69,85.76,87.31,83152.245
2026-02-17 03:00:00+00:00,87.31,87.37,86.32,86.37,65925.978
2026-02-17 04:00:00+00:00,86.37,86.67,85.92,86.37,80243.827
2026-02-17 05:00:00+00:00,86.37,86.49,85.45,86.22,73401.601
2026-02-17 06:00:00+00:00,86.23,86.8,86.22,86.5,77082.309
2026-02-17 07:00:00+00:00,86.51,86.55,85.94,86.49,41093.593
2026-02-17 08:00:00+00:00,86.48,86.77,85.92,85.97,70839.573
2026-02-17 09:00:00+00:00,85.97,86.19,85.66,85.95,46821.882
2026-02-17 10:00:00+00:00,85.94,86.05,84.87,85.05,84069.216
2026-02-17 11:00:00+00:00,85.05,85.32,84.75,85.1,84961.365
2026-02-17 12:00:00+00:00,85.11,85.58,84.54,84.63,77392.624
2026-02-17 13:00:00+00:00,84.64,85.52,84.39,85.0,127369.734
2026-02-17 14:00:00+00:00,84.99,85.45,83.0,83.26,363335.629
2026-02-17 15:00:00+00:00,83.26,83.9,82.92,83.81,349976.833
2026-02-17 16:00:00+00:00,83.8,85.46,83.71,84.19,314713.807
2026-02-17 17:00:00+00:00,84.18,84.32,83.13,83.71,120163.969
2026-02-17 18:00:00+00:00,83.71,85.43,83.57,85.11,114345.387
2026-02-17 19:00:00+00:00,85.11,85.76,84.63,84.87,123483.638
2026-02-17 20:00:00+00:00,84.86,85.27,84.53,85.0,85926.271
2026-02-17 21:00:00+00:00,84.99,85.44,84.84,85.22,31708.674
2026-02-17 22:00:00+00:00,85.23,85.44,84.97,85.05,55020.148
2026-02-17 23:00:00+00:00,85.05,85.34,84.91,85.08,152954.735
2026-02-18 00:00:00+00:00,85.09,85.49,84.81,84.87,107156.024
2026-02-18 01:00:00+00:00,84.87,84.99,83.92,84.25,185145.996
2026-02-18 02:00:00+00:00,84.25,85.0,84.23,84.66,50033.463
2026-02-18 03:00:00+00:00,84.66,85.47,84.54,85.33,127431.56
2026-02-18 04:00:00+00:00,85.34,85.54,84.97,85.14,75408.162
2026-02-18 05:00:00+00:00,85.15,85.25,84.76,84.9,43415.72
2026-02-18 06:00:00+00:00,84.9,85.31,84.8,84.92,32175.459
2026-02-18 07:00:00+00:00,84.92,85.43,84.68,85.28,40826.308
2026-02-18 08:00:00+00:00,85.28,86.09,85.23,85.47,134800.867
2026-02-18 09:00:00+00:00,85.48,85.75,85.31,85.32,81961.472
2026-02-18 10:00:00+00:00,85.31,85.4,84.18,84.26,179190.395
2026-02-18 11:00:00+00:00,84.26,84.26,82.83,82.86,311963.454
2026-02-18 12:00:00+00:00,82.87,83.34,82.34,82.99,211396.876
2026-02-18 13:00:00+00:00,83.0,83.29,82.3,82.63,177772.307
2026-02-18 14:00:00+00:00,82.62,82.88,81.72,82.56,266550.071
2026-02-18 15:00:00+00:00,82.56,84.01,82.52,83.01,238110.505
2026-02-18 16:00:00+00:00,83.0,83.09,82.04,82.3,157893.014
2026-02-18 17:00:00+00:00,82.3,83.0,82.1,82.19,96505.62
2026-02-18 18:00:00+00:00,82.2,82.37,80.95,81.28,204133.371
2026-02-18 19:00:00+00:00,81.29,81.6,80.48,80.93,156894.548
2026-02-18 20:00:00+00:00,80.93,81.59,80.85,81.32,95827.615
2026-02-18 21:00:00+00:00,81.32,81.64,81.02,81.28,74664.371
2026-02-18 22:00:00+00:00,81.28,81.54,81.05,81.46,53028.691
2026-02-18 23:00:00+00:00,81.46,81.64,81.24,81.61,35318.101
2026-02-19 00:00:00+00:00,81.61,81.73,81.25,81.5,43694.208
2026-02-19 01:00:00+00:00,81.5,82.06,81.5,81.89,48706.878
2026-02-19 02:00:00+00:00,81.89,82.07,81.33,81.67,43497.06
2026-02-19 03:00:00+00:00,81.66,81.93,81.43,81.77,29088.966
2026-02-19 04:00:00+00:00,81.77,82.01,81.4,81.49,138914.111
2026-02-19 05:00:00+00:00,81.49,81.98,81.38,81.9,281203.419
2026-02-19 06:00:00+00:00,81.9,82.5,81.83,82.36,89615.722
2026-02-19 07:00:00+00:00,82.37,82.67,82.1,82.41,68696.609
2026-02-19 08:00:00+00:00,82.4,82.42,81.57,81.73,90896.819
2026-02-19 09:00:00+00:00,81.74,82.02,81.12,81.21,68527.31
2026-02-19 10:00:00+00:00,81.2,81.82,80.91,81.53,97193.6
2026-02-19 11:00:00+00:00,81.52,81.89,81.11,81.24,55410.356
2026-02-19 12:00:00+00:00,81.24,81.31,80.68,80.79,95673.174
2026-02-19 13:00:00+00:00,80.8,80.92,79.61,80.0,428616.614
2026-02-19 14:00:00+00:00,80.0,81.32,79.95,80.78,225631.67
2026-02-19 15:00:00+00:00,80.77,81.29,79.98,80.64,121161.857
2026-02-19 16:00:00+00:00,80.63,80.96,79.92,80.79,176840.836
2026-02-19 17:00:00+00:00,80.79,81.93,80.22,80.48,160582.562
2026-02-19 18:00:00+00:00,80.47,82.05,80.39,81.98,113875.886
2026-02-19 19:00:00+00:00,81.98,82.2,81.06,81.95,117870.548
2026-02-19 20:00:00+00:00,81.94,82.37,81.68,82.1,140401.531
2026-02-19 21:00:00+00:00,82.09,82.19,81.81,82.07,48858.068
2026-02-19 22:00:00+00:00,82.07,82.53,81.91,82.34,105272.166
2026-02-19 23:00:00+00:00,82.34,82.57,82.12,82.5,58047.52
2026-02-20 00:00:00+00:00,82.5,83.54,82.33,82.9,120222.12
2026-02-20 01:00:00+00:00,82.9,83.16,82.7,83.03,164324.481
2026-02-20 02:00:00+00:00,83.04,83.35,82.82,82.92,78544.13
2026-02-20 03:00:00+00:00,82.92,83.37,82.84,83.04,121485.01
2026-02-20 04:00:00+00:00,83.05,83.11,82.38,82.69,59130.639
2026-02-20 05:00:00+00:00,82.69,83.75,82.5,83.27,106205.749
2026-02-20 06:00:00+00:00,83.27,83.74,83.14,83.71,125188.364
2026-02-20 07:00:00+00:00,83.72,83.93,83.41,83.46,61790.619
2026-02-20 08:00:00+00:00,83.45,83.81,83.3,83.66,57741.673
2026-02-20 09:00:00+00:00,83.65,84.5,83.65,84.19,218567.794
2026-02-20 10:00:00+00:00,84.19,84.84,84.04,84.09,161186.154
2026-02-20 11:00:00+00:00,84.1,84.26,83.34,83.58,230463.511
2026-02-20 12:00:00+00:00,83.58,84.03,83.29,83.72,175772.856
2026-02-20 13:00:00+00:00,83.71,83.72,81.77,82.19,345576.132
2026-02-20 14:00:00+00:00,82.19,83.39,82.12,83.07,218020.871
2026-02-20 15:00:00+00:00,83.07,84.78,82.67,84.38,373753.235
2026-02-20 16:00:00+00:00,84.38,84.96,83.75,84.51,218411.55
2026-02-20 17:00:00+00:00,84.5,84.6,82.82,84.49,240346.921
2026-02-20 18:00:00+00:00,84.48,85.49,83.97,85.24,256544.239
2026-02-20 19:00:00+00:00,85.23,85.37,84.37,84.75,124453.494
2026-02-20 20:00:00+00:00,84.75,85.23,84.42,84.62,67691.792
2026-02-20 21:00:00+00:00,84.62,84.77,84.29,84.55,83245.866
2026-02-20 22:00:00+00:00,84.55,84.77,84.12,84.59,80010.557
2026-02-20 23:00:00+00:00,84.58,84.71,84.29,84.67,65879.002
2026-02-21 00:00:00+00:00,84.68,84.76,84.34,84.43,54224.467
2026-02-21 01:00:00+00:00,84.44,84.85,84.44,84.68,43081.387
2026-02-21 02:00:00+00:00,84.68,85.03,84.54,84.82,40717.051
2026-02-21 03:00:00+00:00,84.83,84.85,84.24,84.35,106811.642
2026-02-21 04:00:00+00:00,84.35,84.5,84.14,84.4,58569.443
2026-02-21 05:00:00+00:00,84.4,84.59,84.39,84.48,26824.47
2026-02-21 06:00:00+00:00,84.48,84.78,84.04,84.12,60721.471
2026-02-21 07:00:00+00:00,84.13,84.33,83.97,84.24,45089.608
2026-02-21 08:00:00+00:00,84.24,84.74,84.19,84.73,51193.557
2026-02-21 09:00:00+00:00,84.73,85.2,84.67,84.91,74651.134
2026-02-21 10:00:00+00:00,84.91,85.27,84.9,85.15,65325.766
2026-02-21 11:00:00+00:00,85.16,85.7,85.14,85.4,62719.668
2026-02-21 12:00:00+00:00,85.4,85.54,85.0,85.32,75619.979
2026-02-21 13:00:00+00:00,85.32,85.96,85.18,85.85,97581.645
2026-02-21 14:00:00+00:00,85.85,86.66,85.62,86.3,258760.808
2026-02-21 15:00:00+00:00,86.3,86.72,86.15,86.58,128168.873
2026-02-21 16:00:00+00:00,86.59,86.68,85.88,86.13,107614.896
2026-02-21 17:00:00+00:00,86.13,86.46,85.82,86.25,62599.483
2026-02-21 18:00:00+00:00,86.24,86.72,86.18,86.56,65021.495
2026-02-21 19:00:00+00:00,86.56,86.69,86.18,86.22,37929.422
2026-02-21 20:00:00+00:00,86.21,86.21,85.27,85.48,103043.715
2026-02-21 21:00:00+00:00,85.47,85.85,85.41,85.84,47752.849
2026-02-21 22:00:00+00:00,85.83,85.9,85.38,85.46,54844.37
2026-02-21 23:00:00+00:00,85.45,85.57,85.12,85.17,51881.663
2026-02-22 00:00:00+00:00,85.17,85.22,84.76,85.08,74021.32
2026-02-22 01:00:00+00:00,85.08,85.43,85.05,85.32,50854.018
2026-02-22 02:00:00+00:00,85.32,85.6,84.86,84.96,126960.547
2026-02-22 03:00:00+00:00,84.96,85.19,84.73,85.08,121751.36
2026-02-22 04:00:00+00:00,85.08,85.35,84.97,85.17,27421.212
2026-02-22 05:00:00+00:00,85.16,85.22,84.81,84.98,36922.673
2026-02-22 06:00:00+00:00,84.99,85.34,84.95,85.31,43248.142
2026-02-22 07:00:00+00:00,85.31,85.58,85.14,85.24,49244.192
2026-02-22 08:00:00+00:00,85.25,85.26,84.87,84.97,36499.235
2026-02-22 09:00:00+00:00,84.98,85.19,84.95,85.04,50156.975
2026-02-22 10:00:00+00:00,85.04,85.32,85.0,85.21,46454.168
2026-02-22 11:00:00+00:00,85.21,85.47,85.18,85.27,56709.875
2026-02-22 12:00:00+00:00,85.28,85.33,84.34,84.47,109332.489
2026-02-22 13:00:00+00:00,84.47,84.63,83.71,83.98,137453.229
2026-02-22 14:00:00+00:00,83.99,84.07,83.39,83.66,84243.607
2026-02-22 15:00:00+00:00,83.66,83.72,82.98,83.5,274557.201
2026-02-22 16:00:00+00:00,83.49,83.63,83.2,83.58,40111.699
2026-02-22 17:00:00+00:00,83.58,83.6,82.82,83.06,108378.921
2026-02-22 18:00:00+00:00,83.06,83.29,82.96,83.22,35315.098
2026-02-22 19:00:00+00:00,83.22,83.42,83.03,83.3,22299.872
2026-02-22 20:00:00+00:00,83.3,83.38,82.94,83.03,40025.13
2026-02-22 21:00:00+00:00,83.03,83.58,83.03,83.5,41429.271
2026-02-22 22:00:00+00:00,83.5,83.71,83.09,83.57,53500.643
2026-02-22 23:00:00+00:00,83.58,83.66,82.48,82.79,131961.719
2026-02-23 00:00:00+00:00,82.8,82.85,81.32,81.37,118857.601
2026-02-23 01:00:00+00:00,81.37,81.38,77.49,77.98,877081.558
2026-02-23 02:00:00+00:00,77.97,78.44,77.55,77.87,275282.926
2026-02-23 03:00:00+00:00,77.87,78.32,77.28,77.66,261219.915
2026-02-23 04:00:00+00:00,77.66,77.74,77.15,77.39,165695.46
2026-02-23 05:00:00+00:00,77.39,78.08,77.34,77.85,156622.615
2026-02-23 06:00:00+00:00,77.84,79.18,77.7,79.09,308057.094
2026-02-23 07:00:00+00:00,79.09,79.69,78.92,79.4,151879.318
2026-02-23 08:00:00+00:00,79.4,79.4,78.53,78.78,158251.196
2026-02-23 09:00:00+00:00,78.79,80.54,78.79,80.46,204511.433
2026-02-23 10:00:00+00:00,80.47,80.69,80.09,80.27,108150.198
2026-02-23 11:00:00+00:00,80.26,80.55,79.97,80.05,94455.404
2026-02-23 12:00:00+00:00,80.06,80.96,79.86,80.71,186479.246
2026-02-23 13:00:00+00:00,80.72,81.13,80.43,80.54,263670.212
2026-02-23 14:00:00+00:00,80.55,80.81,79.43,80.14,157576.135
2026-02-23 15:00:00+00:00,80.14,80.34,79.2,79.4,181946.589
2026-02-23 16:00:00+00:00,79.39,79.8,78.6,78.97,417556.725
2026-02-23 17:00:00+00:00,78.97,79.15,77.27,78.31,243290.422
2026-02-23 18:00:00+00:00,78.32,79.3,78.04,78.62,196182.936
2026-02-23 19:00:00+00:00,78.63,78.92,77.98,78.29,172762.062
2026-02-23 20:00:00+00:00,78.28,78.54,77.85,78.31,145213.1
2026-02-23 21:00:00+00:00,78.3,78.73,78.18,78.38,113102.338
2026-02-23 22:00:00+00:00,78.38,78.92,78.25,78.26,99015.322
2026-02-23 23:00:00+00:00,78.26,78.54,77.63,77.9,106513.578
2026-02-24 00:00:00+00:00,77.91,78.53,77.9,78.46,75549.48
2026-02-24 01:00:00+00:00,78.45,78.46,75.74,77.67,402712.065
2026-02-24 02:00:00+00:00,77.67,78.43,77.52,77.64,134695.414
2026-02-24 03:00:00+00:00,77.63,77.63,76.47,76.87,190723.342
2026-02-24 04:00:00+00:00,76.88,77.07,76.11,76.86,152910.218
2026-02-24 05:00:00+00:00,76.86,77.36,76.22,76.64,183187.832
2026-02-24 06:00:00+00:00,76.63,76.94,76.38,76.58,127034.991
2026-02-24 07:00:00+00:00,76.59,77.22,76.5,76.84,176682.179
2026-02-24 08:00:00+00:00,76.85,77.2,76.5,77.03,102429.078
2026-02-24 09:00:00+00:00,77.04,77.14,76.0,76.65,116458.467
2026-02-24 10:00:00+00:00,76.65,76.83,76.41,76.74,62757.101
2026-02-24 11:00:00+00:00,76.75,76.92,76.49,76.77,68421.691
2026-02-24 12:00:00+00:00,76.78,77.05,76.51,76.59,72628.496
2026-02-24 13:00:00+00:00,76.6,76.8,76.02,76.55,117798.608
2026-02-24 14:00:00+00:00,76.56,77.42,75.63,76.86,345026.306
2026-02-24 15:00:00+00:00,76.87,77.49,76.59,77.3,203358.619
2026-02-24 16:00:00+00:00,77.3,78.25,77.23,78.13,208260.238
2026-02-24 17:00:00+00:00,78.13,78.5,77.8,77.98,146597.856
2026-02-24 18:00:00+00:00,77.97,78.34,77.56,78.2,96135.9
2026-02-24 19:00:00+00:00,78.2,78.51,77.89,78.38,104446.059
2026-02-24 20:00:00+00:00,78.38,78.9,78.32,78.67,105886.499
2026-02-24 21:00:00+00:00,78.66,78.73,78.12,78.55,95993.794
2026-02-24 22:00:00+00:00,78.54,79.37,78.44,79.08,81885.524
2026-02-24 23:00:00+00:00,79.08,79.62,78.66,78.99,221248.619
2026-02-25 00:00:00+00:00,78.99,79.44,78.73,79.21,81825.948
2026-02-25 01:00:00+00:00,79.2,82.57,79.11,82.0,508122.846
2026-02-25 02:00:00+00:00,81.99,82.99,81.98,82.45,273959.207
2026-02-25 03:00:00+00:00,82.46,82.58,81.61,81.75,143345.966
2026-02-25 04:00:00+00:00,81.75,82.43,81.28,81.96,140884.685
2026-02-25 05:00:00+00:00,81.96,82.17,80.98,81.3,172951.112
2026-02-25 06:00:00+00:00,81.31,81.9,81.16,81.57,74149.876
2026-02-25 07:00:00+00:00,81.58,82.41,81.49,82.19,134320.151
2026-02-25 08:00:00+00:00,82.19,82.57,81.93,82.48,96711.439
2026-02-25 09:00:00+00:00,82.48,82.7,82.22,82.54,108511.321
2026-02-25 10:00:00+00:00,82.55,82.95,82.45,82.55,93382.465
2026-02-25 11:00:00+00:00,82.55,83.42,82.32,83.39,132189.725
2026-02-25 12:00:00+00:00,83.38,84.09,82.89,83.68,254791.358
2026-02-25 13:00:00+00:00,83.68,84.44,83.4,83.82,199589.367
2026-02-25 14:00:00+00:00,83.83,85.8,83.8,85.64,388123.503
2026-02-25 15:00:00+00:00,85.63,86.46,85.02,85.98,409010.451
2026-02-25 16:00:00+00:00,85.98,87.69,85.97,87.55,365316.538
2026-02-25 17:00:00+00:00,87.54,88.94,87.39,88.56,356176.325
2026-02-25 18:00:00+00:00,88.55,89.18,88.0,88.94,223810.272
2026-02-25 19:00:00+00:00,88.94,89.65,88.35,89.43,216061.213
2026-02-25 20:00:00+00:00,89.43,90.13,88.97,89.39,241956.276
2026-02-25 21:00:00+00:00,89.38,92.1,89.37,89.85,414949.239
2026-02-25 22:00:00+00:00,89.85,90.53,88.38,89.1,299198.285
2026-02-25 23:00:00+00:00,89.09,89.34,87.07,88.06,303411.847
2026-02-26 00:00:00+00:00,88.05,89.27,87.84,88.58,409326.293
2026-02-26 01:00:00+00:00,88.59,89.15,88.21,88.42,134611.582
2026-02-26 02:00:00+00:00,88.42,88.49,87.53,88.2,187611.207
2026-02-26 03:00:00+00:00,88.2,88.37,87.78,87.95,77647.584
2026-02-26 04:00:00+00:00,87.95,89.05,87.84,88.74,83438.196
2026-02-26 05:00:00+00:00,88.74,88.74,87.22,87.76,136348.94
2026-02-26 06:00:00+00:00,87.76,88.01,87.32,87.65,123465.512
2026-02-26 07:00:00+00:00,87.65,87.89,87.23,87.24,117610.302
2026-02-26 08:00:00+00:00,87.24,87.9,87.24,87.31,104405.503
2026-02-26 09:00:00+00:00,87.3,88.71,87.22,88.32,130757.499
2026-02-26 10:00:00+00:00,88.32,88.58,87.29,87.48,96781.647
2026-02-26 11:00:00+00:00,87.48,87.63,86.6,86.82,134433.791
2026-02-26 12:00:00+00:00,86.82,87.78,86.72,87.7,67291.054
2026-02-26 13:00:00+00:00,87.7,88.08,87.49,87.62,80425.654
2026-02-26 14:00:00+00:00,87.63,88.26,86.27,87.02,191870.584
2026-02-26 15:00:00+00:00,87.01,87.1,85.27,86.56,282371.45
2026-02-26 16:00:00+00:00,86.57,86.75,84.34,84.58,306813.075
2026-02-26 17:00:00+00:00,84.58,85.35,84.51,84.9,144632.11
2026-02-26 18:00:00+00:00,84.91,85.7,84.47,85.38,136890.163
2026-02-26 19:00:00+00:00,85.38,86.68,85.34,86.47,148984.542
2026-02-26 20:00:00+00:00,86.47,86.87,85.85,86.03,87967.315
2026-02-26 21:00:00+00:00,86.02,86.29,85.73,85.94,65844.67
2026-02-26 22:00:00+00:00,85.94,86.39,85.8,86.15,59388.165
2026-02-26 23:00:00+00:00,86.14,86.15,85.77,85.91,47974.141
2026-02-27 00:00:00+00:00,85.91,86.04,85.19,85.83,65899.927
2026-02-27 01:00:00+00:00,85.83,86.15,85.3,86.15,104956.584
2026-02-27 02:00:00+00:00,86.14,86.79,85.94,86.58,68245.156
2026-02-27 03:00:00+00:00,86.58,87.82,86.35,87.63,92454.352
2026-02-27 04:00:00+00:00,87.63,88.29,87.48,87.56,136999.504
2026-02-27 05:00:00+00:00,87.55,87.86,87.4,87.54,50002.725
2026-02-27 06:00:00+00:00,87.54,87.62,86.85,87.34,76062.054
2026-02-27 07:00:00+00:00,87.34,87.43,86.81,87.31,108590.58
2026-02-27 08:00:00+00:00,87.31,87.93,87.22,87.57,100570.282
2026-02-27 09:00:00+00:00,87.58,87.82,86.23,86.33,127986.348
2026-02-27 10:00:00+00:00,86.33,86.49,84.57,84.71,190310.662
2026-02-27 11:00:00+00:00,84.71,84.96,83.35,83.59,212959.421
2026-02-27 12:00:00+00:00,83.59,83.76,82.66,83.12,182726.45
2026-02-27 13:00:00+00:00,83.12,83.57,81.95,83.08,262527.389
2026-02-27 14:00:00+00:00,83.07,83.36,82.09,82.39,233201.881
2026-02-27 15:00:00+00:00,82.38,83.07,82.31,82.7,239090.631
2026-02-27 16:00:00+00:00,82.7,82.7,81.32,81.37,182220.417
2026-02-27 17:00:00+00:00,81.37,81.9,81.11,81.84,230896.953
2026-02-27 18:00:00+00:00,81.84,82.03,81.39,81.48,181403.453
2026-02-27 19:00:00+00:00,81.48,81.72,81.13,81.57,61047.867
2026-02-27 20:00:00+00:00,81.57,81.87,81.22,81.45,106110.486
2026-02-27 21:00:00+00:00,81.45,81.82,80.84,81.2,103580.315
2026-02-27 22:00:00+00:00,81.2,81.6,80.32,81.43,160408.138
2026-02-27 23:00:00+00:00,81.43,82.11,81.35,81.85,92247.784
2026-02-28 00:00:00+00:00,81.84,82.16,81.59,82.12,68148.677
2026-02-28 01:00:00+00:00,82.12,82.27,81.73,81.78,52634.384
2026-02-28 02:00:00+00:00,81.78,82.2,81.71,82.15,36102.893
2026-02-28 03:00:00+00:00,82.15,82.15,81.55,81.74,38633.497
2026-02-28 04:00:00+00:00,81.75,81.9,81.21,81.65,40144.026
2026-02-28 05:00:00+00:00,81.65,81.82,81.29,81.56,30561.614
2026-02-28 06:00:00+00:00,81.56,81.56,77.12,77.56,626752.905
2026-02-28 07:00:00+00:00,77.56,79.62,77.14,78.71,461506.489
2026-02-28 08:00:00+00:00,78.7,78.72,77.85,78.02,175889.231
2026-02-28 09:00:00+00:00,78.01,78.73,77.74,78.42,290911.836
2026-02-28 10:00:00+00:00,78.41,79.18,77.96,79.12,374608.34
2026-02-28 11:00:00+00:00,79.11,79.6,78.67,78.78,234808.293
2026-02-28 12:00:00+00:00,78.78,79.22,78.59,78.94,131033.762
2026-02-28 13:00:00+00:00,78.94,80.98,78.69,80.81,325755.481
2026-02-28 14:00:00+00:00,80.82,81.51,80.05,80.25,343475.825
2026-02-28 15:00:00+00:00,80.25,81.11,79.62,80.92,171771.595
2026-02-28 16:00:00+00:00,80.91,81.33,80.5,81.07,95032.191
2026-02-28 17:00:00+00:00,81.08,81.53,80.58,81.38,119024.385
2026-02-28 18:00:00+00:00,81.38,82.91,81.1,82.36,212809.743
2026-02-28 19:00:00+00:00,82.35,82.8,81.45,82.21,185306.016
2026-02-28 20:00:00+00:00,82.22,85.05,81.97,84.88,292696.551
2026-02-28 21:00:00+00:00,84.89,85.05,83.58,84.49,178900.729
2026-02-28 22:00:00+00:00,84.49,85.65,84.25,84.29,164278.47
2026-02-28 23:00:00+00:00,84.29,84.74,83.92,84.35,86912.946
2026-03-01 00:00:00+00:00,84.35,85.01,84.32,84.87,131648.775
2026-03-01 01:00:00+00:00,84.88,87.5,84.25,86.75,337432.973
2026-03-01 02:00:00+00:00,86.75,88.9,86.75,87.97,586949.091
2026-03-01 03:00:00+00:00,87.96,88.33,87.63,88.02,187261.099
2026-03-01 04:00:00+00:00,88.02,88.26,86.87,87.55,222644.875
2026-03-01 05:00:00+00:00,87.55,88.03,87.21,87.26,99836.252
2026-03-01 06:00:00+00:00,87.26,87.38,86.16,86.66,174048.694
2026-03-01 07:00:00+00:00,86.67,86.89,86.3,86.63,81091.31
2026-03-01 08:00:00+00:00,86.63,86.83,85.07,85.22,189397.696
2026-03-01 09:00:00+00:00,85.22,85.86,84.81,85.0,202618.012
2026-03-01 10:00:00+00:00,85.0,85.66,84.71,85.23,116787.129
2026-03-01 11:00:00+00:00,85.23,85.53,84.97,85.18,54598.691
2026-03-01 12:00:00+00:00,85.18,85.4,84.76,84.88,84942.173
2026-03-01 13:00:00+00:00,84.87,86.98,84.51,86.08,236226.073
2026-03-01 14:00:00+00:00,86.09,86.89,85.44,85.8,189323.055
2026-03-01 15:00:00+00:00,85.8,86.68,85.62,85.67,137064.714
2026-03-01 16:00:00+00:00,85.67,86.1,83.71,84.0,247189.804
2026-03-01 17:00:00+00:00,83.99,84.29,83.18,83.9,214598.992
2026-03-01 18:00:00+00:00,83.89,85.0,83.86,83.92,144492.131
2026-03-01 19:00:00+00:00,83.93,84.03,83.03,83.23,116905.642
2026-03-01 20:00:00+00:00,83.23,83.27,81.69,81.98,220988.571
2026-03-01 21:00:00+00:00,81.98,83.03,81.92,82.94,101983.632
2026-03-01 22:00:00+00:00,82.93,84.12,82.38,82.73,224264.948
2026-03-01 23:00:00+00:00,82.72,84.08,82.5,83.6,132899.89
2026-03-02 00:00:00+00:00,83.61,85.24,83.48,85.0,159855.132
2026-03-02 01:00:00+00:00,85.0,86.18,84.41,84.61,207437.533
2026-03-02 02:00:00+00:00,84.62,84.77,83.46,84.15,151023.464
2026-03-02 03:00:00+00:00,84.15,85.12,83.85,84.78,136473.161
2026-03-02 04:00:00+00:00,84.78,84.84,84.1,84.3,95021.356
2026-03-02 05:00:00+00:00,84.31,84.7,83.81,84.23,100723.258
2026-03-02 06:00:00+00:00,84.23,84.26,82.88,83.26,138586.895
2026-03-02 07:00:00+00:00,83.26,83.3,82.38,82.95,156151.547
2026-03-02 08:00:00+00:00,82.96,83.63,82.37,83.46,160168.711
2026-03-02 09:00:00+00:00,83.45,84.12,83.33,83.64,184039.558
2026-03-02 10:00:00+00:00,83.63,84.1,83.36,83.89,98182.33
2026-03-02 11:00:00+00:00,83.89,84.29,83.46,83.89,138037.013
2026-03-02 12:00:00+00:00,83.88,84.15,83.57,83.7,74341.232
2026-03-02 13:00:00+00:00,83.7,83.85,82.92,83.08,137730.457
2026-03-02 14:00:00+00:00,83.07,85.97,82.78,85.68,386730.967
2026-03-02 15:00:00+00:00,85.67,88.98,85.48,88.77,923932.639
2026-03-02 16:00:00+00:00,88.77,90.29,88.47,88.85,546975.727
2026-03-02 17:00:00+00:00,88.84,88.99,86.39,87.61,331947.693
2026-03-02 18:00:00+00:00,87.61,87.84,86.69,87.31,165832.482
2026-03-02 19:00:00+00:00,87.31,87.82,86.82,87.65,178587.242
2026-03-02 20:00:00+00:00,87.65,88.08,86.85,87.57,200371.47
2026-03-02 21:00:00+00:00,87.58,87.73,87.15,87.54,128267.282
2026-03-02 22:00:00+00:00,87.55,88.25,87.26,88.04,126832.471
2026-03-02 23:00:00+00:00,88.03,88.09,86.35,86.64,196183.64
2026-03-03 00:00:00+00:00,86.65,87.32,86.11,86.92,202803.751
2026-03-03 01:00:00+00:00,86.91,87.18,86.16,86.17,107777.62
2026-03-03 02:00:00+00:00,86.16,86.35,85.23,86.21,162023.913
2026-03-03 03:00:00+00:00,86.21,86.63,85.92,86.31,63650.226
2026-03-03 04:00:00+00:00,86.31,86.46,85.65,85.85,52045.279
2026-03-03 05:00:00+00:00,85.84,86.82,85.38,85.8,128715.142
2026-03-03 06:00:00+00:00,85.79,85.98,85.4,85.85,73478.092
2026-03-03 07:00:00+00:00,85.85,86.3,85.4,85.58,85726.162
2026-03-03 08:00:00+00:00,85.58,85.77,83.94,84.26,224449.606
2026-03-03 09:00:00+00:00,84.26,84.99,84.02,84.31,169353.491
2026-03-03 10:00:00+00:00,84.3,84.57,83.7,83.92,180132.306
2026-03-03 11:00:00+00:00,83.92,84.37,83.78,84.21,173454.71
2026-03-03 12:00:00+00:00,84.22,85.37,84.14,84.42,228272.595
2026-03-03 13:00:00+00:00,84.43,84.48,83.19,83.63,148695.546
2026-03-03 14:00:00+00:00,83.63,84.43,82.5,83.24,259349.644
2026-03-03 15:00:00+00:00,83.24,85.17,83.04,85.04,270866.792
2026-03-03 16:00:00+00:00,85.03,87.34,84.33,85.4,485838.643
2026-03-03 17:00:00+00:00,85.4,85.47,84.15,85.18,209767.166
2026-03-03 18:00:00+00:00,85.18,86.02,84.52,85.38,160362.768
2026-03-03 19:00:00+00:00,85.38,85.76,84.66,85.08,162181.143
2026-03-03 20:00:00+00:00,85.08,85.46,84.66,84.85,99547.364
2026-03-03 21:00:00+00:00,84.85,85.18,84.17,85.12,94412.0
2026-03-03 22:00:00+00:00,85.13,86.65,85.11,86.29,137630.845
2026-03-03 23:00:00+00:00,86.28,87.46,86.18,86.97,256207.941
2026-03-04 00:00:00+00:00,86.98,87.4,86.28,86.62,141520.329
2026-03-04 01:00:00+00:00,86.62,88.08,86.49,87.26,248158.755
2026-03-04 02:00:00+00:00,87.26,87.48,86.55,87.08,139814.008
2026-03-04 03:00:00+00:00,87.07,87.08,85.18,85.77,199966.81
2026-03-04 04:00:00+00:00,85.77,85.91,84.82,85.41,126615.706
2026-03-04 05:00:00+00:00,85.4,85.97,84.78,85.68,189207.735
2026-03-04 06:00:00+00:00,85.67,86.04,84.97,85.6,172474.982
2026-03-04 07:00:00+00:00,85.61,87.52,85.49,87.43,168460.773
2026-03-04 08:00:00+00:00,87.43,89.91,86.98,89.71,412975.662
2026-03-04 09:00:00+00:00,89.71,91.48,89.22,90.53,630772.451
2026-03-04 10:00:00+00:00,90.53,91.05,89.88,90.15,396349.563
2026-03-04 11:00:00+00:00,90.16,90.64,89.41,89.76,240759.072
2026-03-04 12:00:00+00:00,89.76,89.87,88.69,89.42,188477.566
2026-03-04 13:00:00+00:00,89.43,90.17,89.31,89.99,228405.655
2026-03-04 14:00:00+00:00,90.0,91.76,89.46,90.19,462161.594
2026-03-04 15:00:00+00:00,90.18,93.12,90.15,92.94,628004.227
2026-03-04 16:00:00+00:00,92.94,93.15,90.96,91.55,347104.656
2026-03-04 17:00:00+00:00,91.56,92.24,90.66,91.54,242675.044
2026-03-04 18:00:00+00:00,91.55,92.49,91.12,92.38,117698.459
2026-03-04 19:00:00+00:00,92.38,94.05,92.3,93.19,351495.314
2026-03-04 20:00:00+00:00,93.19,93.76,92.77,92.87,200947.4
2026-03-04 21:00:00+00:00,92.87,92.97,92.15,92.34,141280.842
2026-03-04 22:00:00+00:00,92.35,92.86,91.17,91.33,140163.774
2026-03-04 23:00:00+00:00,91.33,91.44,90.29,90.85,214441.006
2026-03-05 00:00:00+00:00,90.86,91.4,90.73,90.79,100752.648
2026-03-05 01:00:00+00:00,90.79,91.42,89.74,89.98,234979.468
2026-03-05 02:00:00+00:00,89.98,90.68,89.97,90.2,103989.01
2026-03-05 03:00:00+00:00,90.2,90.54,89.61,90.03,107327.882
2026-03-05 04:00:00+00:00,90.03,90.74,89.9,90.4,106178.895
2026-03-05 05:00:00+00:00,90.4,90.64,90.03,90.18,76263.798
2026-03-05 06:00:00+00:00,90.18,91.01,89.7,90.87,99631.299
2026-03-05 07:00:00+00:00,90.88,91.32,89.71,90.16,121442.563
2026-03-05 08:00:00+00:00,90.16,90.71,89.66,90.64,168240.97
2026-03-05 09:00:00+00:00,90.64,91.94,90.6,91.18,215547.403
2026-03-05 10:00:00+00:00,91.19,92.96,91.0,92.65,171459.689
2026-03-05 11:00:00+00:00,92.64,92.77,91.65,91.84,149295.806
2026-03-05 12:00:00+00:00,91.84,92.22,91.31,91.98,148899.464
2026-03-05 13:00:00+00:00,91.99,92.07,90.41,90.84,243753.037
2026-03-05 14:00:00+00:00,90.84,91.49,89.82,91.02,266760.243
2026-03-05 15:00:00+00:00,91.01,91.16,88.8,89.62,370120.94
2026-03-05 16:00:00+00:00,89.61,89.63,87.92,88.97,312745.37
2026-03-05 17:00:00+00:00,88.96,89.41,87.91,88.12,202486.142
2026-03-05 18:00:00+00:00,88.11,88.89,88.0,88.8,118414.14
2026-03-05 19:00:00+00:00,88.8,89.39,88.66,88.73,113380.729
2026-03-05 20:00:00+00:00,88.72,89.57,88.54,89.21,103317.347
2026-03-05 21:00:00+00:00,89.2,89.85,88.87,89.11,88161.86
2026-03-05 22:00:00+00:00,89.12,89.41,88.86,89.09,64208.273
2026-03-05 23:00:00+00:00,89.1,89.2,88.62,88.77,66353.632
2026-03-06 00:00:00+00:00,88.78,89.04,88.58,88.86,41864.329
2026-03-06 01:00:00+00:00,88.86,89.27,88.02,89.13,127345.128
2026-03-06 02:00:00+00:00,89.13,89.31,88.21,88.38,169714.239
2026-03-06 03:00:00+00:00,88.38,88.71,88.14,88.41,85403.014
2026-03-06 04:00:00+00:00,88.4,88.59,87.67,88.15,72672.292
2026-03-06 05:00:00+00:00,88.16,88.26,87.51,87.9,89306.888
2026-03-06 06:00:00+00:00,87.89,88.44,87.67,88.09,63691.066
2026-03-06 07:00:00+00:00,88.09,88.92,87.8,88.7,79969.977
2026-03-06 08:00:00+00:00,88.7,88.7,88.2,88.35,63024.986
2026-03-06 09:00:00+00:00,88.36,88.49,87.17,87.5,151587.21
2026-03-06 10:00:00+00:00,87.5,87.96,87.41,87.71,74854.88
2026-03-06 11:00:00+00:00,87.7,88.0,87.1,87.26,72603.4
2026-03-06 12:00:00+00:00,87.25,87.27,85.9,86.47,228893.866
2026-03-06 13:00:00+00:00,86.47,87.1,85.5,85.59,312423.089
2026-03-06 14:00:00+00:00,85.59,85.75,83.96,84.34,437630.091
2026-03-06 15:00:00+00:00,84.34,85.33,84.2,84.65,239442.022
2026-03-06 16:00:00+00:00,84.65,85.02,84.1,84.36,135800.054
2026-03-06 17:00:00+00:00,84.36,84.69,83.64,84.21,213817.73
2026-03-06 18:00:00+00:00,84.21,85.63,84.18,85.28,146510.453
2026-03-06 19:00:00+00:00,85.27,85.9,85.15,85.21,86020.068
2026-03-06 20:00:00+00:00,85.21,85.47,84.56,85.01,94338.925
2026-03-06 21:00:00+00:00,85.0,85.11,84.44,84.72,54803.483
2026-03-06 22:00:00+00:00,84.73,85.06,84.54,84.96,44413.765
2026-03-06 23:00:00+00:00,84.97,85.04,84.63,84.7,49193.687
2026-03-07 00:00:00+00:00,84.69,85.07,84.52,84.75,56964.654
2026-03-07 01:00:00+00:00,84.75,84.89,84.59,84.71,49953.609
2026-03-07 02:00:00+00:00,84.71,84.74,84.32,84.65,55038.47
2026-03-07 03:00:00+00:00,84.66,85.07,84.35,84.52,65250.121
2026-03-07 04:00:00+00:00,84.53,84.56,84.0,84.27,68614.36
2026-03-07 05:00:00+00:00,84.27,84.5,84.09,84.34,37816.816
2026-03-07 06:00:00+00:00,84.34,84.34,83.9,84.03,55763.877
2026-03-07 07:00:00+00:00,84.04,84.49,83.9,84.32,71808.806
2026-03-07 08:00:00+00:00,84.33,84.66,84.12,84.37,69394.137
2026-03-07 09:00:00+00:00,84.36,84.69,84.21,84.58,35107.135
2026-03-07 10:00:00+00:00,84.57,84.76,84.41,84.5,37536.795
2026-03-07 11:00:00+00:00,84.5,84.91,84.26,84.66,71018.17
2026-03-07 12:00:00+00:00,84.66,84.78,84.28,84.3,40233.173
2026-03-07 13:00:00+00:00,84.3,84.55,84.13,84.31,45427.014
2026-03-07 14:00:00+00:00,84.3,84.42,83.67,84.23,93764.712
2026-03-07 15:00:00+00:00,84.23,84.23,83.42,83.75,93366.76
2026-03-07 16:00:00+00:00,83.75,83.8,83.5,83.59,53769.92
2026-03-07 17:00:00+00:00,83.59,84.08,83.56,83.61,56510.733
2026-03-07 18:00:00+00:00,83.62,83.63,83.01,83.38,63067.128
2026-03-07 19:00:00+00:00,83.39,83.39,82.28,82.53,189520.722
2026-03-07 20:00:00+00:00,82.52,83.13,82.51,83.02,52748.953
2026-03-07 21:00:00+00:00,83.03,83.3,82.89,83.28,39410.388
2026-03-07 22:00:00+00:00,83.28,83.32,82.66,82.98,40735.668
2026-03-07 23:00:00+00:00,82.99,83.26,82.93,83.22,22459.6
2026-03-08 00:00:00+00:00,83.22,83.49,82.93,83.06,50570.392
2026-03-08 01:00:00+00:00,83.07,83.22,82.7,82.98,46972.021
2026-03-08 02:00:00+00:00,82.97,83.1,82.11,82.39,85729.662
2026-03-08 03:00:00+00:00,82.4,82.75,82.27,82.34,73458.716
2026-03-08 04:00:00+00:00,82.34,82.56,81.74,81.97,77784.722
2026-03-08 05:00:00+00:00,81.97,82.79,81.94,82.5,48694.47
2026-03-08 06:00:00+00:00,82.5,82.61,82.27,82.45,36024.004
2026-03-08 07:00:00+00:00,82.46,83.1,82.4,82.95,100258.788
2026-03-08 08:00:00+00:00,82.95,83.12,82.51,83.1,52426.94
2026-03-08 09:00:00+00:00,83.1,83.39,82.78,83.17,86398.009
2026-03-08 10:00:00+00:00,83.16,84.13,83.16,83.67,112462.162
2026-03-08 11:00:00+00:00,83.66,83.66,82.64,82.81,88942.843
2026-03-08 12:00:00+00:00,82.81,83.01,81.61,82.31,158953.223
2026-03-08 13:00:00+00:00,82.32,82.47,81.18,82.08,172664.234
2026-03-08 14:00:00+00:00,82.09,82.37,81.95,82.32,54763.253
2026-03-08 15:00:00+00:00,82.31,82.41,81.83,82.06,58026.408
2026-03-08 16:00:00+00:00,82.06,82.17,81.36,81.52,71633.842
2026-03-08 17:00:00+00:00,81.53,82.0,81.38,81.69,52595.734
2026-03-08 18:00:00+00:00,81.69,81.8,81.31,81.6,37246.073
2026-03-08 19:00:00+00:00,81.6,82.65,81.5,82.49,81555.493
2026-03-08 20:00:00+00:00,82.48,82.96,82.11,82.33,62872.965
2026-03-08 21:00:00+00:00,82.34,82.44,81.71,82.25,57079.305
2026-03-08 22:00:00+00:00,82.26,82.51,80.26,81.99,326683.312
2026-03-08 23:00:00+00:00,81.99,82.44,81.48,81.59,109169.116
2026-03-09 00:00:00+00:00,81.6,83.29,81.54,82.35,129493.989
2026-03-09 01:00:00+00:00,82.35,82.9,81.86,82.1,129359.924
2026-03-09 02:00:00+00:00,82.11,82.93,81.65,82.67,112144.389
2026-03-09 03:00:00+00:00,82.67,84.5,82.62,83.16,217327.042
2026-03-09 04:00:00+00:00,83.16,83.89,83.09,83.19,97069.2
2026-03-09 05:00:00+00:00,83.2,84.61,83.13,84.27,176351.987
2026-03-09 06:00:00+00:00,84.28,84.31,83.1,83.13,85824.206
2026-03-09 07:00:00+00:00,83.13,83.3,82.33,83.18,111173.413
2026-03-09 08:00:00+00:00,83.18,83.86,82.94,83.73,93188.375
2026-03-09 09:00:00+00:00,83.73,84.6,83.32,84.05,193765.658
2026-03-09 10:00:00+00:00,84.05,84.26,83.49,83.75,147705.72
2026-03-09 11:00:00+00:00,83.75,83.93,83.12,83.59,67034.301
2026-03-09 12:00:00+00:00,83.58,84.22,83.41,84.0,96561.37
2026-03-09 13:00:00+00:00,84.01,85.75,83.98,85.16,299402.248
2026-03-09 14:00:00+00:00,85.15,85.71,84.56,85.3,235679.216
2026-03-09 15:00:00+00:00,85.3,85.45,84.62,85.05,108533.49
2026-03-09 16:00:00+00:00,85.05,85.63,84.7,85.14,115404.62
2026-03-09 17:00:00+00:00,85.14,85.42,84.26,85.09,132680.561
2026-03-09 18:00:00+00:00,85.09,85.58,84.48,85.19,166065.752
2026-03-09 19:00:00+00:00,85.18,87.06,85.07,85.97,312517.042
2026-03-09 20:00:00+00:00,85.97,86.18,85.28,85.81,108352.279
2026-03-09 21:00:00+00:00,85.8,86.36,85.69,86.0,97905.622
2026-03-09 22:00:00+00:00,86.01,86.3,85.59,85.74,167508.306
2026-03-09 23:00:00+00:00,85.73,86.02,84.84,84.96,193008.579
2026-03-10 00:00:00+00:00,84.95,85.96,84.83,85.57,116446.234
2026-03-10 01:00:00+00:00,85.56,85.97,85.11,85.74,76889.233
2026-03-10 02:00:00+00:00,85.73,86.91,85.46,86.62,175054.95
2026-03-10 03:00:00+00:00,86.62,86.75,85.5,85.55,168758.239
2026-03-10 04:00:00+00:00,85.56,86.65,85.41,86.54,105860.265
2026-03-10 05:00:00+00:00,86.54,86.99,86.34,86.4,117416.609
2026-03-10 06:00:00+00:00,86.41,86.69,85.99,86.35,74998.15
2026-03-10 07:00:00+00:00,86.36,86.9,86.2,86.7,172974.509
2026-03-10 08:00:00+00:00,86.71,87.43,86.58,86.71,193604.098
2026-03-10 09:00:00+00:00,86.71,87.48,86.64,87.24,141536.366
2026-03-10 10:00:00+00:00,87.23,87.67,86.8,87.09,108806.993
2026-03-10 11:00:00+00:00,87.1,87.2,86.62,86.79,88893.352
2026-03-10 12:00:00+00:00,86.8,86.86,86.29,86.7,85702.794
2026-03-10 13:00:00+00:00,86.7,87.3,85.75,86.08,189494.756
2026-03-10 14:00:00+00:00,86.09,88.23,84.91,88.1,432043.456
2026-03-10 15:00:00+00:00,88.1,88.61,87.26,88.33,279778.807
2026-03-10 16:00:00+00:00,88.34,88.7,87.65,88.39,201728.708
2026-03-10 17:00:00+00:00,88.39,88.8,87.63,87.94,136159.122
2026-03-10 18:00:00+00:00,87.94,88.0,86.1,86.25,226753.453
2026-03-10 19:00:00+00:00,86.25,86.46,85.66,86.02,138125.915
2026-03-10 20:00:00+00:00,86.01,86.4,85.94,86.24,79585.123
2026-03-10 21:00:00+00:00,86.24,86.44,85.25,85.71,125270.051
2026-03-10 22:00:00+00:00,85.7,85.84,85.01,85.53,138552.299
2026-03-10 23:00:00+00:00,85.52,85.89,85.35,85.88,69461.652
2026-03-11 00:00:00+00:00,85.88,86.24,85.59,86.01,102258.222
2026-03-11 01:00:00+00:00,86.02,86.28,85.66,86.09,59592.891
2026-03-11 02:00:00+00:00,86.09,86.21,85.48,85.92,75527.398
2026-03-11 03:00:00+00:00,85.92,86.18,85.53,85.63,48879.48
2026-03-11 04:00:00+00:00,85.63,86.84,85.49,86.72,107119.153
2026-03-11 05:00:00+00:00,86.71,86.88,85.6,85.72,132761.619
2026-03-11 06:00:00+00:00,85.72,86.17,85.66,86.02,63478.709
2026-03-11 07:00:00+00:00,86.03,86.15,85.14,85.45,72691.017
2026-03-11 08:00:00+00:00,85.44,85.61,85.09,85.5,93396.321
2026-03-11 09:00:00+00:00,85.49,85.6,84.72,84.88,88856.511
2026-03-11 10:00:00+00:00,84.88,85.53,84.84,85.25,71848.529
2026-03-11 11:00:00+00:00,85.25,85.32,84.39,84.55,149408.535
2026-03-11 12:00:00+00:00,84.54,85.72,84.36,85.2,153299.061
2026-03-11 13:00:00+00:00,85.2,87.4,85.12,85.98,400330.804
2026-03-11 14:00:00+00:00,85.97,87.2,85.75,86.53,262382.483
2026-03-11 15:00:00+00:00,86.54,86.65,84.57,85.4,181137.704
2026-03-11 16:00:00+00:00,85.41,86.59,85.3,86.44,123270.968
2026-03-11 17:00:00+00:00,86.45,87.84,86.44,87.27,286565.248
2026-03-11 18:00:00+00:00,87.26,88.09,87.15,87.81,258288.118
2026-03-11 19:00:00+00:00,87.82,87.86,87.02,87.29,164934.031
2026-03-11 20:00:00+00:00,87.28,87.43,87.01,87.29,66407.715
2026-03-11 21:00:00+00:00,87.28,87.61,87.14,87.52,69125.113
2026-03-11 22:00:00+00:00,87.53,87.94,86.84,87.05,79215.466
2026-03-11 23:00:00+00:00,87.04,87.22,86.46,86.58,71400.643
2026-03-12 00:00:00+00:00,86.58,86.78,86.37,86.68,44398.309
2026-03-12 01:00:00+00:00,86.68,86.71,85.95,86.05,77895.522
2026-03-12 02:00:00+00:00,86.05,86.16,85.17,85.21,122155.34
2026-03-12 03:00:00+00:00,85.21,85.43,84.72,85.01,113250.614
2026-03-12 04:00:00+00:00,85.02,85.42,84.9,85.11,84621.659
2026-03-12 05:00:00+00:00,85.11,85.33,84.89,85.13,59426.88
2026-03-12 06:00:00+00:00,85.13,85.42,84.97,85.39,61922.485
2026-03-12 07:00:00+00:00,85.39,85.9,85.0,85.82,113800.472
2026-03-12 08:00:00+00:00,85.82,86.16,85.39,85.96,101054.374
2026-03-12 09:00:00+00:00,85.95,86.7,85.45,86.18,103503.89
2026-03-12 10:00:00+00:00,86.19,87.04,86.04,86.76,143733.523
2026-03-12 11:00:00+00:00,86.76,87.13,86.63,86.79,100204.367
2026-03-12 12:00:00+00:00,86.8,87.51,86.55,87.25,167183.352
2026-03-12 13:00:00+00:00,87.25,87.69,86.34,86.74,277091.076
2026-03-12 14:00:00+00:00,86.75,87.66,85.2,85.54,301206.294
2026-03-12 15:00:00+00:00,85.54,87.03,85.12,86.58,241985.719
2026-03-12 16:00:00+00:00,86.57,87.09,85.8,86.79,171667.75
2026-03-12 17:00:00+00:00,86.8,86.99,86.33,86.59,127410.46
2026-03-12 18:00:00+00:00,86.6,86.82,85.81,85.86,100155.805
2026-03-12 19:00:00+00:00,85.86,86.94,85.68,86.8,108672.039
2026-03-12 20:00:00+00:00,86.79,86.96,86.42,86.45,65879.289
2026-03-12 21:00:00+00:00,86.45,86.68,86.18,86.54,43379.749
2026-03-12 22:00:00+00:00,86.54,86.6,85.96,86.3,65974.118
2026-03-12 23:00:00+00:00,86.3,87.23,86.28,86.84,117108.062
2026-03-13 00:00:00+00:00,86.83,91.14,86.71,89.78,781802.591
2026-03-13 01:00:00+00:00,89.77,90.74,89.77,90.45,292699.981
2026-03-13 02:00:00+00:00,90.46,90.59,88.93,89.09,203686.501
2026-03-13 03:00:00+00:00,89.08,89.98,88.89,89.69,141724.039
2026-03-13 04:00:00+00:00,89.7,89.74,89.19,89.35,73707.147
2026-03-13 05:00:00+00:00,89.34,89.47,88.87,89.09,128059.749
2026-03-13 06:00:00+00:00,89.09,89.22,88.27,88.4,121530.81
2026-03-13 07:00:00+00:00,88.41,88.97,88.15,88.68,163550.146
2026-03-13 08:00:00+00:00,88.68,89.67,88.32,89.16,158340.177
2026-03-13 09:00:00+00:00,89.15,89.65,88.79,89.5,94880.868
2026-03-13 10:00:00+00:00,89.5,90.31,89.46,90.19,218252.637
2026-03-13 11:00:00+00:00,90.2,90.45,89.97,90.33,117541.108
2026-03-13 12:00:00+00:00,90.32,91.38,90.14,91.0,224030.936
2026-03-13 13:00:00+00:00,91.0,92.31,90.92,91.87,386101.366
2026-03-13 14:00:00+00:00,91.88,92.98,90.46,90.69,567469.055
2026-03-13 15:00:00+00:00,90.7,91.24,89.3,89.49,275507.331
2026-03-13 16:00:00+00:00,89.49,89.96,88.84,89.61,177846.091
2026-03-13 17:00:00+00:00,89.6,90.15,88.58,88.87,185337.804
2026-03-13 18:00:00+00:00,88.88,89.14,88.37,88.82,126803.537
2026-03-13 19:00:00+00:00,88.82,89.05,88.39,88.92,121476.693
2026-03-13 20:00:00+00:00,88.91,89.11,88.54,88.91,102313.043
2026-03-13 21:00:00+00:00,88.91,89.16,88.34,88.56,74797.538
2026-03-13 22:00:00+00:00,88.56,88.66,87.73,88.01,142064.468
2026-03-13 23:00:00+00:00,88.01,88.26,87.8,88.18,60855.001
2026-03-14 00:00:00+00:00,88.17,88.39,87.84,87.94,71977.285
2026-03-14 01:00:00+00:00,87.94,88.38,87.79,88.23,110581.474
2026-03-14 02:00:00+00:00,88.24,88.32,88.0,88.23,40175.898
2026-03-14 03:00:00+00:00,88.23,88.62,88.23,88.4,54063.118
2026-03-14 04:00:00+00:00,88.4,88.71,88.21,88.25,73146.138
2026-03-14 05:00:00+00:00,88.26,88.41,87.89,88.08,65563.426
2026-03-14 06:00:00+00:00,88.08,88.1,86.92,87.25,133158.293
2026-03-14 07:00:00+00:00,87.26,87.45,87.18,87.33,60006.169
2026-03-14 08:00:00+00:00,87.32,87.55,87.08,87.15,72572.647
2026-03-14 09:00:00+00:00,87.16,87.31,86.65,86.85,77235.994
2026-03-14 10:00:00+00:00,86.84,86.93,86.51,86.65,62019.555
2026-03-14 11:00:00+00:00,86.65,87.01,86.64,86.96,71648.582
2026-03-14 12:00:00+00:00,86.95,87.13,86.81,87.11,67799.127
2026-03-14 13:00:00+00:00,87.1,87.36,87.03,87.11,45078.876
2026-03-14 14:00:00+00:00,87.11,87.24,86.63,86.72,82438.383
2026-03-14 15:00:00+00:00,86.72,86.92,86.63,86.72,48750.061
2026-03-14 16:00:00+00:00,86.72,87.13,86.62,87.07,38599.297
2026-03-14 17:00:00+00:00,87.07,87.09,86.84,86.9,24472.038
2026-03-14 18:00:00+00:00,86.89,87.11,86.79,87.04,25019.028
2026-03-14 19:00:00+00:00,87.03,87.1,86.9,87.0,34686.957
2026-03-14 20:00:00+00:00,87.01,87.18,86.87,87.08,30651.475
2026-03-14 21:00:00+00:00,87.09,87.35,86.87,87.28,33747.697
2026-03-14 22:00:00+00:00,87.29,87.46,87.22,87.31,53866.103
2026-03-14 23:00:00+00:00,87.32,88.16,87.32,88.03,120885.418
2026-03-15 00:00:00+00:00,88.04,88.21,87.67,87.76,55005.092
2026-03-15 01:00:00+00:00,87.75,87.92,87.58,87.69,33332.202
2026-03-15 02:00:00+00:00,87.69,88.65,87.68,88.3,119402.83
2026-03-15 03:00:00+00:00,88.3,88.43,87.7,87.86,64498.478
2026-03-15 04:00:00+00:00,87.86,88.33,87.85,88.32,43304.159
2026-03-15 05:00:00+00:00,88.32,88.66,88.11,88.31,107511.493
2026-03-15 06:00:00+00:00,88.32,88.59,88.09,88.35,87223.295
2026-03-15 07:00:00+00:00,88.35,88.53,88.11,88.22,46860.933
2026-03-15 08:00:00+00:00,88.22,88.52,88.14,88.5,57963.047
2026-03-15 09:00:00+00:00,88.49,88.88,88.42,88.54,62813.234
2026-03-15 10:00:00+00:00,88.55,88.71,88.38,88.47,29081.054
2026-03-15 11:00:00+00:00,88.48,88.68,88.24,88.55,40797.882
2026-03-15 12:00:00+00:00,88.56,88.56,88.19,88.26,38350.67
2026-03-15 13:00:00+00:00,88.27,88.4,87.36,87.85,142377.54
2026-03-15 14:00:00+00:00,87.84,88.0,87.57,87.97,48107.156
2026-03-15 15:00:00+00:00,87.98,88.12,87.77,87.9,29254.385
2026-03-15 16:00:00+00:00,87.9,88.05,87.45,87.55,46110.269
2026-03-15 17:00:00+00:00,87.55,88.8,87.5,88.43,62720.93
2026-03-15 18:00:00+00:00,88.44,88.69,87.85,87.92,101328.805
2026-03-15 19:00:00+00:00,87.92,88.29,87.82,88.19,55175.366
2026-03-15 20:00:00+00:00,88.19,89.0,87.98,88.76,84397.3
2026-03-15 21:00:00+00:00,88.76,90.3,88.56,90.0,162489.769
2026-03-15 22:00:00+00:00,90.0,92.93,89.84,92.64,658611.089
2026-03-15 23:00:00+00:00,92.65,93.23,91.61,92.3,437830.127
2026-03-16 00:00:00+00:00,92.31,93.06,91.88,92.01,259086.705
2026-03-16 01:00:00+00:00,92.02,92.25,91.49,92.11,180226.11
2026-03-16 02:00:00+00:00,92.11,92.28,91.18,91.48,116121.238
2026-03-16 03:00:00+00:00,91.48,94.0,91.27,93.16,458891.09
2026-03-16 04:00:00+00:00,93.17,94.24,92.94,93.62,312953.898
2026-03-16 05:00:00+00:00,93.63,94.32,93.21,94.04,292011.033
2026-03-16 06:00:00+00:00,94.05,94.05,93.15,93.4,224747.841
2026-03-16 07:00:00+00:00,93.41,93.86,93.32,93.56,145371.565
2026-03-16 08:00:00+00:00,93.56,94.02,92.57,92.86,167100.649
2026-03-16 09:00:00+00:00,92.86,93.47,92.73,93.29,97496.348
2026-03-16 10:00:00+00:00,93.3,93.96,93.26,93.9,109568.569
2026-03-16 11:00:00+00:00,93.9,93.99,93.53,93.75,78824.842
2026-03-16 12:00:00+00:00,93.75,94.2,93.4,93.77,226479.987
2026-03-16 13:00:00+00:00,93.78,95.13,93.43,93.68,390863.053
2026-03-16 14:00:00+00:00,93.68,94.54,92.37,93.6,521940.608
2026-03-16 15:00:00+00:00,93.61,94.35,93.09,93.2,384587.906
2026-03-16 16:00:00+00:00,93.2,94.06,93.13,93.81,248258.917
2026-03-16 17:00:00+00:00,93.82,94.4,93.7,94.08,150409.15
2026-03-16 18:00:00+00:00,94.08,95.09,94.05,94.38,226550.375
2026-03-16 19:00:00+00:00,94.39,95.48,94.16,95.21,207797.032
2026-03-16 20:00:00+00:00,95.21,95.97,95.06,95.78,158562.836
2026-03-16 21:00:00+00:00,95.77,96.88,95.5,96.17,233033.253
2026-03-16 22:00:00+00:00,96.17,97.68,96.17,96.37,244973.655
2026-03-16 23:00:00+00:00,96.36,96.47,95.41,96.2,185793.961
2026-03-17 00:00:00+00:00,96.19,96.95,95.13,95.49,283437.372
2026-03-17 01:00:00+00:00,95.49,96.09,94.95,95.72,222433.889
2026-03-17 02:00:00+00:00,95.72,95.77,94.88,95.15,103613.227
2026-03-17 03:00:00+00:00,95.14,95.29,93.71,94.07,214697.28
2026-03-17 04:00:00+00:00,94.07,94.28,93.2,93.8,138298.247
2026-03-17 05:00:00+00:00,93.8,94.1,93.36,93.8,82496.31
2026-03-17 06:00:00+00:00,93.8,94.3,93.47,93.89,90874.811
2026-03-17 07:00:00+00:00,93.9,94.66,93.87,94.44,78265.31
2026-03-17 08:00:00+00:00,94.43,94.95,94.29,94.41,84102.321
2026-03-17 09:00:00+00:00,94.41,95.09,93.69,93.9,150777.279
2026-03-17 10:00:00+00:00,93.9,94.06,93.25,93.57,96721.233
2026-03-17 11:00:00+00:00,93.58,93.91,93.4,93.66,82684.117
2026-03-17 12:00:00+00:00,93.67,94.08,93.15,93.42,82757.453
2026-03-17 13:00:00+00:00,93.41,94.56,93.35,93.8,149522.224
2026-03-17 14:00:00+00:00,93.8,94.68,93.5,94.5,123788.354
2026-03-17 15:00:00+00:00,94.5,95.13,93.25,93.82,167269.698
2026-03-17 16:00:00+00:00,93.82,94.79,93.72,94.39,111228.548
2026-03-17 17:00:00+00:00,94.39,94.72,94.15,94.57,73681.594
2026-03-17 18:00:00+00:00,94.57,95.59,94.45,95.32,111610.271
2026-03-17 19:00:00+00:00,95.33,95.57,94.61,94.67,99645.456
2026-03-17 20:00:00+00:00,94.66,95.03,94.41,94.9,57213.595
2026-03-17 21:00:00+00:00,94.89,95.46,94.84,95.26,47584.894
2026-03-17 22:00:00+00:00,95.27,95.62,94.59,95.33,114073.088
2026-03-17 23:00:00+00:00,95.32,95.44,94.58,94.62,66781.015
2026-03-18 00:00:00+00:00,94.61,94.93,94.1,94.53,83553.595
2026-03-18 01:00:00+00:00,94.54,94.93,94.32,94.43,53801.001
2026-03-18 02:00:00+00:00,94.43,95.23,94.41,94.94,60158.536
2026-03-18 03:00:00+00:00,94.94,95.65,94.82,95.05,57186.508
2026-03-18 04:00:00+00:00,95.06,95.12,94.0,94.13,122330.349
2026-03-18 05:00:00+00:00,94.13,94.39,93.72,93.92,94114.902
2026-03-18 06:00:00+00:00,93.92,94.64,93.92,94.21,32296.467
2026-03-18 07:00:00+00:00,94.22,94.3,93.83,93.95,77208.886
2026-03-18 08:00:00+00:00,93.95,94.26,93.94,94.04,143876.437
2026-03-18 09:00:00+00:00,94.04,94.44,93.95,94.28,41873.834
2026-03-18 10:00:00+00:00,94.28,94.43,93.51,93.86,61539.605
2026-03-18 11:00:00+00:00,93.85,94.08,91.82,92.0,398489.14
2026-03-18 12:00:00+00:00,92.0,92.03,90.31,90.43,329039.565
2026-03-18 13:00:00+00:00,90.43,90.75,89.9,90.32,224420.912
2026-03-18 14:00:00+00:00,90.32,90.4,88.85,88.96,316126.804
2026-03-18 15:00:00+00:00,88.95,89.49,88.55,89.37,252007.921
2026-03-18 16:00:00+00:00,89.36,89.36,88.61,88.97,152656.968
2026-03-18 17:00:00+00:00,88.97,90.36,88.83,89.94,223980.805
2026-03-18 18:00:00+00:00,89.94,90.86,89.38,89.58,185763.514
2026-03-18 19:00:00+00:00,89.58,90.07,89.44,89.71,72107.455
2026-03-18 20:00:00+00:00,89.7,90.13,88.99,89.99,109988.962
2026-03-18 21:00:00+00:00,89.99,90.62,89.94,90.47,62582.031
2026-03-18 22:00:00+00:00,90.46,90.48,89.92,90.02,90116.209
2026-03-18 23:00:00+00:00,90.02,90.16,89.69,90.08,48641.152
2026-03-19 00:00:00+00:00,90.07,90.3,89.82,90.11,46120.613
2026-03-19 01:00:00+00:00,90.11,90.38,89.92,90.19,48869.649
2026-03-19 02:00:00+00:00,90.18,90.39,89.79,89.99,37552.218
2026-03-19 03:00:00+00:00,89.99,91.41,89.92,90.74,139276.39
2026-03-19 04:00:00+00:00,90.74,90.74,89.75,89.91,110340.258
2026-03-19 05:00:00+00:00,89.91,90.11,89.66,89.76,59591.973
2026-03-19 06:00:00+00:00,89.77,90.12,89.52,89.86,75452.788
2026-03-19 07:00:00+00:00,89.87,90.05,88.63,89.42,202158.079
2026-03-19 08:00:00+00:00,89.41,89.64,89.09,89.34,75679.599
2026-03-19 09:00:00+00:00,89.35,90.39,89.17,90.2,143688.439
2026-03-19 10:00:00+00:00,90.19,90.48,89.78,89.81,76729.913
2026-03-19 11:00:00+00:00,89.81,90.03,89.47,89.62,52020.688
2026-03-19 12:00:00+00:00,89.62,89.62,88.03,88.11,163403.702
2026-03-19 13:00:00+00:00,88.11,88.74,87.55,88.52,300882.59
2026-03-19 14:00:00+00:00,88.52,88.9,87.45,88.23,135406.721
2026-03-19 15:00:00+00:00,88.23,88.76,87.15,87.63,169527.342
2026-03-19 16:00:00+00:00,87.63,87.8,87.0,87.69,152916.464
2026-03-19 17:00:00+00:00,87.68,88.35,87.07,88.14,125746.156
2026-03-19 18:00:00+00:00,88.13,88.32,87.66,88.13,71688.212
2026-03-19 19:00:00+00:00,88.13,89.26,88.12,88.72,171099.084
2026-03-19 20:00:00+00:00,88.71,89.21,88.66,88.99,47285.133
2026-03-19 21:00:00+00:00,88.98,89.32,88.88,89.11,50451.599
2026-03-19 22:00:00+00:00,89.12,89.17,88.37,88.76,67142.826
2026-03-19 23:00:00+00:00,88.77,89.19,88.59,88.89,86512.488
2026-03-20 00:00:00+00:00,88.9,89.43,88.87,89.41,115517.781
2026-03-20 01:00:00+00:00,89.41,89.8,89.33,89.47,86311.253
2026-03-20 02:00:00+00:00,89.47,89.6,88.88,89.31,76719.431
2026-03-20 03:00:00+00:00,89.31,89.71,89.24,89.57,46905.05
2026-03-20 04:00:00+00:00,89.57,89.75,88.73,89.28,58282.758
2026-03-20 05:00:00+00:00,89.28,89.55,88.87,89.36,85138.884
2026-03-20 06:00:00+00:00,89.36,89.36,88.94,89.09,50121.692
2026-03-20 07:00:00+00:00,89.1,89.5,88.5,89.37,87659.839
2026-03-20 08:00:00+00:00,89.38,90.45,89.32,89.78,183448.656
2026-03-20 09:00:00+00:00,89.78,89.78,88.65,88.97,195400.219
2026-03-20 10:00:00+00:00,88.97,89.49,88.61,89.33,68618.617
2026-03-20 11:00:00+00:00,89.33,89.6,88.88,89.15,80571.353
2026-03-20 12:00:00+00:00,89.15,89.53,89.02,89.15,61257.87
2026-03-20 13:00:00+00:00,89.15,89.64,88.61,88.82,139694.376
2026-03-20 14:00:00+00:00,88.81,89.73,88.51,88.92,169226.971
2026-03-20 15:00:00+00:00,88.92,89.32,88.61,88.94,169038.847
2026-03-20 16:00:00+00:00,88.94,89.23,88.62,88.9,63508.936
2026-03-20 17:00:00+00:00,88.91,89.04,88.13,88.89,87589.258
2026-03-20 18:00:00+00:00,88.89,89.0,88.16,88.56,64131.638
2026-03-20 19:00:00+00:00,88.56,88.77,88.45,88.53,9720.639
